Nguyen, Noah T.|06 38 20 70 98
Ferguson, Ross Z.|03 78 84 58 75
Mccarty, Grant U.|07 38 35 18 02
Howe, Marvin Y.|01 48 18 82 62
Sampson, Prescott X.|03 15 58 79 39
Vaughan, Josiah Y.|04 74 56 62 30
Silva, Paki O.|09 10 47 77 69
Kidd, Basil S.|04 73 80 20 95
Barr, Steven H.|06 13 26 51 85
Barton, Zahir W.|09 23 52 36 46
Romero, Kitra E.|05 93 17 00 04
Merritt, Kylie N.|03 20 66 79 98
Carey, Autumn K.|09 69 21 43 54
Mccall, Ivan J.|09 35 68 34 76
Shepard, Thane D.|02 56 57 59 70
Rojas, Hiram Z.|04 07 94 15 95
Oliver, Nathan Y.|07 93 44 31 14
Weaver, Duncan F.|08 98 75 86 64
Shelton, Lana I.|02 08 47 79 62
Spears, Daria C.|02 65 22 03 06
Walsh, Lamar A.|07 98 22 81 93
Landry, Odessa P.|08 90 62 55 85
Reid, Alec X.|04 62 63 67 20
Glover, Xena F.|01 11 58 98 87
Cash, Destiny R.|03 26 30 79 82
Suarez, Anne T.|07 53 11 05 48
Kinney, Shelly T.|06 34 22 28 30
Sherman, Candace E.|07 17 02 73 12
Barron, Alexandra W.|02 69 32 98 49
Collins, Quincy O.|08 24 63 33 53
Osborn, Shelley G.|07 67 33 62 95
Ellis, Ralph H.|03 40 98 91 59
Franklin, Emma L.|03 67 35 91 86
Pena, Eric W.|02 45 36 97 55
Small, Ian J.|07 64 82 86 84
Mcdowell, Jackson F.|07 87 58 83 77
Holloway, Rhea L.|09 63 44 88 50
Preston, Hamish Y.|03 10 20 77 90
Vang, Yardley E.|02 48 75 59 65
Cardenas, Henry N.|03 93 42 83 15
Burgess, Nigel T.|01 79 67 00 01
Perkins, Alan M.|06 45 13 86 10
Watson, Chaim M.|04 67 97 19 54
Mckinney, Moana F.|05 06 49 34 42
Stephenson, Wanda F.|04 58 69 42 44
Bond, Teagan U.|06 52 25 09 55
Carney, Melyssa D.|04 73 56 55 47
Barton, Nathan V.|06 34 65 98 40
Norton, Andrew U.|05 42 15 47 20
Lopez, Kyle L.|05 41 47 03 18
Lester, Brody E.|06 14 82 28 28
Robbins, Valentine D.|08 71 68 32 27
Sanchez, Holly S.|08 59 94 51 26
Baker, Mira M.|09 12 32 85 88
Hardin, Ebony L.|02 30 83 48 52
Ward, Sonia T.|04 24 15 35 07
Stevenson, Illiana I.|09 44 01 57 50
Sanford, Tashya X.|08 90 58 65 51
Frye, Zoe X.|01 76 64 62 32
Hardin, Marsden E.|05 64 72 57 38
Guerra, Daniel Z.|02 38 36 56 12
Hickman, Glenna M.|07 71 70 93 73
Becker, Daniel R.|06 25 86 34 53
Shelton, Solomon L.|08 93 47 79 27
Barrett, Thor S.|02 52 22 36 28
Robinson, Iris D.|03 48 28 28 42
Robertson, Lavinia W.|03 99 57 08 51
Nguyen, Colby I.|08 42 80 69 87
Baxter, Phoebe U.|05 43 70 53 61
Delaney, Brock M.|03 09 91 78 63
Estrada, Melyssa V.|01 97 22 59 93
Witt, Addison M.|02 21 17 06 54
Watkins, Ulysses N.|04 99 15 55 92
Wilkins, Damon I.|05 32 35 73 08
Santos, Igor T.|03 65 95 69 46
Norris, Tashya V.|01 84 31 51 37
Johnston, Josephine P.|04 91 37 27 39
Barlow, Matthew C.|09 97 50 96 91
Brooks, Malik N.|05 74 08 27 37
Meyer, Coby B.|01 64 39 17 07
Cooper, Jameson M.|04 79 94 53 22
Schultz, Burke M.|07 26 32 74 68
Haney, Barry B.|04 21 05 67 62
Solis, Aileen R.|04 37 61 05 35
Skinner, Orson K.|07 05 06 33 35
Evans, Boris J.|04 23 26 61 31
Hudson, Ciara G.|08 50 98 86 31
Stephens, Alexander T.|01 67 20 16 46
Frank, Alana E.|08 36 40 81 36
Yates, Uta P.|01 09 48 53 82
Meadows, Veronica Y.|01 07 49 10 70
Moore, Jeremy U.|07 74 87 60 83
Mcmillan, Priscilla J.|07 36 07 69 26
Buckner, Molly T.|05 10 43 11 94
Velasquez, Rowan V.|09 00 75 58 03
Burgess, Carla L.|04 45 30 53 75
Rivera, Patience T.|05 38 30 54 57
Bridges, Hanae J.|01 18 42 70 61
Parrish, Merrill S.|02 47 53 83 74
Morin, Abraham H.|06 41 28 80 21
